INSERT INTO FUNCIONARIO (CPF_FUNCIONARIO, NOME_FUNCIONARIO, CARGO)
VALUES ('865.908.003-65', 'Jair Pereira da Silva',     'Estoquista'),
       ('133.488.009-21', 'Fernando Alves',            'Atendente'),
       ('478.239.160-54', 'Maria Aparecida Souza',     'Atendente'),
       ('629.078.345-21', 'João Carlos Ribeiro',       'Mecânico'),
       ('194.537.028-66', '',   ''),
       ('385.160.942-77', 'Lucas Henrique Costa',      'Estoquista'),
       ('542.901.836-32', 'Patrícia Gomes Lima',       'Gerente'),
       ('716.582.491-01', 'Roberto Silva Santos',      'Mecânico'),
       ('289.347.165-59', 'Carla Regina Almeida',      'Atendente'),
       ('45670921384', 'Eduardo Vinícius Castro',   'Motorista'),
       ('832.157.406-98', 'Sandra Mara Ferreira',      'Estoquista'),
       ('160.895.234-76', 'Marcelo Tavares Pinto',     'Gerente'),
       ('923.476.018-25', 'Juliana Borges Mendes',     'Atendente'),
       ('501.863.947-22', 'Rafael dos Santos Lopes',   ''),
       ('674.520.819-37', 'Thiago Cardoso Barbosa',    'Motorista'),
       ('319.082.756-44', 'Beatriz Nogueira Rocha',    'Atendente'),
       ('845.736.192-08', 'Daniel Ferraz Moreira',     'Estoquista'),
       ('256.184.039-71', 'Cristina Andrade Vieira',   'Gerente'),
       ('703.945.218-66', 'Felipe Augusto Nascimento', 'Mecânico'),
       ('416.850.923-37', 'Vanessa Oliveira Duarte',   '');



INSERT INTO CLIENTE (CPF_CLIENTE, DATA_NASCIMENTO, NOME_CLIENTE, CEP, RUA, BAIRRO, NUMERO)
VALUES ('099.872.341-52', '1989-10-01', 'João Pereira Filho',          '74230-110', 'Avenida T-63',                'Setor Bueno',          450),
       ('318.674.205-43', '1995-03-15', 'Mariana Costa Ribeiro',       '74120-090', 'Rua 9',                       'Setor Oeste',          123),
       ('752.916.834-07', '1978-07-22', 'Pedro Henrique Almeida',      '74150-040', 'Avenida 85',                  'Setor Marista',        NULL),
       ('486.039.127-89', '2001-11-08', 'Ana Carolina Souza',          '74013-010', 'Avenida Goiás',               'Centro',               789),
       ('195.428.706-31', '1985-05-30', 'Bruno Vieira Santos',         '74223-040', 'Avenida T-7',                 'Setor Bueno',          312),
       ('627.085.391-46', '1992-09-12', 'Larissa Mendes Cardoso',      '74820-300', 'Rua 1015',                    NULL,                   87),
       ('834.197.602-58', '1976-02-19', 'Rafael Oliveira Castro',      '74810-020', 'Avenida Engler',              'Jardim Goiás',         1567),
       ('459.726.018-23', '1998-12-03', 'Camila Rodrigues Lima',       '',          'Avenida Anhanguera',          'Centro',               2240),
       ('218.504.937-15', '1983-08-25', 'Gustavo Henrique Borges',     '74535-010', 'Avenida Castelo Branco',      'Setor Coimbra',        654),
       ('671.382.094-67', '1990-04-17', 'Fernanda Alves Pinto',        '74215-100', 'Avenida T-9',                 'Setor Bueno',          198),
       ('543.918.760-92', '1972-06-09', 'Ricardo Tavares Moreira',     '74083-150', 'Rua 90',                      'Setor Sul',            76),
       ('287.045.613-84', '1996-01-28', 'Aline Cristina Ferreira',     '',          'Avenida República do Líbano', 'Setor Oeste',          1893),
       ('902.456.831-29', '1987-10-14', 'Diego Martins Barbosa',       '74175-095', 'Avenida Mutirão',             'Setor Marista',        425),
       ('165.703.428-51', '2000-07-05', '',                            '74075-010', 'Avenida Independência',       'Setor Aeroporto',      318),
       ('738.291.504-36', '1981-03-21', 'Leonardo Augusto Nascimento', '74515-110', '',                            'Setor Coimbra',        967),
       ('',               '1994-11-26', 'Bianca Nogueira Dias',        '74083-040', 'Rua 84',                      'Setor Sul',            145),
       ('596.310.842-04', '1979-09-04', 'Felipe dos Santos Cunha',     '74223-070', 'Avenida T-2',                 'Setor Bueno',          612),
       ('273.964.105-66', '1986-12-18', 'Tatiane Gomes Silveira',      '74013-020', '',                            'Centro',               1450),
       ('814.275.609-43', '1973-05-11', 'Henrique Carvalho Duarte',    '74023-020', 'Rua 4',                       'Centro',               233),
       ('357.108.926-90', '1999-08-23', 'Letícia Bezerra Machado',     '74425-180', 'Avenida Perimetral Norte',    'Cidade Jardim',        1078);

INSERT INTO EQUIPAMENTO (NOME_EQUIPAMENTO, SITUACAO, MARCA, ESTADO_CONSERVACAO, PRECO)
VALUES ('Betoneira',                TRUE,  'Menegotti',     'Bom',       450.00),
       ('Betoneira',                TRUE,  'CSM',           'Excelente', 470.00),
       ('Betoneira',                TRUE,  'Csk',           'Regular',   405.00),
       ('Betoneira',                FALSE, 'Menegotti',     'Ruim',      340.00),
       ('Betoneira',                TRUE,  'Tander',        '',          495.00),
       ('Furadeira de Impacto',     TRUE,  'Bosch',         'Bom',       180.00),
       ('Furadeira de Impacto',     TRUE,  'Makita',        'Excelente', 190.00),
       ('',                         TRUE,  'DeWalt',        'Novo',      200.00),
       ('Furadeira de Impacto',     TRUE,  'Hilti',         'Bom',       180.00),
       ('Furadeira de Impacto',     FALSE, 'Makita',        'Ruim',      135.00),
       ('Martelete',                TRUE,  'Bosch',         'Bom',       350.00),
       ('Martelete',                TRUE,  'Makita',        'Excelente', 370.00),
       ('Martelete',                TRUE,  'DeWalt',        'Novo',      385.00),
       ('Martelete',                FALSE, 'Bosch',         'Ruim',      265.00),
       ('',                         TRUE,  '',              'Bom',       220.00),
       ('Esmerilhadeira',           TRUE,  'Makita',        'Novo',      240.00),
       ('Esmerilhadeira',           TRUE,  'Vonder',        'Regular',   200.00),
       ('Esmerilhadeira',           FALSE, 'DeWalt',        'Ruim',      165.00),
       ('Serra Circular',           TRUE,  'Makita',        'Excelente', 295.00),
       ('Serra Circular',           TRUE,  'DeWalt',        'Bom',       280.00),
       ('Serra Circular',           TRUE,  'Bosch',         'Novo',      310.00),
       ('',                         TRUE,  'Mills',         '',          150.00),
       ('Andaime Metálico',         TRUE,  'Madef',         'Excelente', 160.00),
       ('Andaime Metálico',         FALSE, 'Mills',         'Ruim',      115.00),
       ('Compactador de Solo',      TRUE,  'Wacker Neuson', 'Novo',      1320.00),
       ('Compactador de Solo',      TRUE,  'Wacker Neuson', 'Bom',       1200.00),
       ('Compactador de Solo',      TRUE,  'Bomag',         'Excelente', 1260.00),
       ('Gerador',                  TRUE,  'Honda',         'Excelente', 1580.00),
       ('Gerador',                  TRUE,  'Honda',         'Bom',       1500.00),
       ('Gerador',                  TRUE,  'Branco',        'Novo',      1650.00),
       ('Vibrador de Concreto',     TRUE,  'Menegotti',     'Bom',       320.00),
       ('Vibrador de Concreto',     TRUE,  'CSM',           'Novo',      350.00),
       ('Vibrador de Concreto',     TRUE,  'Csk',           'Regular',   290.00),
       ('Compressor de Ar',         TRUE,  'Schulz',        'Bom',       580.00),
       ('Compressor de Ar',         TRUE,  'Chiaperini',    'Excelente', 610.00),
       ('Lavadora de Alta Pressão', TRUE,  'Karcher',       'Excelente', 440.00),
       ('Lavadora de Alta Pressão', TRUE,  'WAP',           'Bom',       420.00),
       ('Régua Vibratória',         TRUE,  'Cipla',         'Novo',      530.00),
       ('Cortador de Piso',         TRUE,  'Maquesonda',    'Excelente', 580.00),
       ('Misturador de Argamassa',  TRUE,  'Menegotti',     'Bom',       520.00);
	   
INSERT INTO ENTREGA (COD_FUNCIONARIO, DATA_ENTREGA, CEP, RUA, BAIRRO, NUMERO)
VALUES (3,  '2024-02-13', '75340-000', 'Rua Conde de Oriola',         'Jardim Ângela',        NULL),
       (2,  '2024-03-22', '74230-110', 'Avenida T-63',                'Setor Bueno',          450),
       (9,  '2024-04-08', '74150-040', 'Avenida 85',                  'Setor Marista',        1200),
       (13, '2024-05-15', '74019-010', 'Avenida Anhanguera',          'Centro',               2240),
       (16, '2024-06-27', '74810-020', '',                            'Jardim Goiás',         1567),
       (3,  '2024-07-19', '75250-000', 'Rua Antônio Cândido',         'Centro',               320),
       (2,  '2024-08-05', '74215-100', 'Avenida T-9',                 'Setor Bueno',          198),
       (9,  '2024-09-14', '74083-040', 'Rua 84',                      'Setor Sul',            145),
       (13, '2024-10-30', '74920-770', 'Avenida São Paulo',           'Centro',               789),
       (16, '2024-11-25', '',          'Avenida Goiás',               'Centro',               1450),
       (3,  '2025-01-10', '74535-010', 'Avenida Castelo Branco',      'Setor Coimbra',        654),
       (2,  '2025-02-18', '75083-515', 'Avenida Universitária',       'Centro',               NULL),
       (9,  '2025-03-22', '74175-095', 'Avenida Mutirão',             'Setor Marista',        425),
       (13, '2025-05-08', '74515-110', '',                            'Setor Coimbra',        967),
       (16, '2025-07-14', '74125-125', 'Avenida República do Líbano', 'Setor Oeste',          1893),
       (3,  '2025-09-19', '74820-300', 'Rua 1015',                    'Setor Pedro Ludovico', 87),
       (2,  '2025-11-27', '74083-150', 'Rua 90',                      '',                     76),
       (9,  '2026-01-15', '74935-005', 'Avenida Brasil Sul',          'Setor Garavelo',       NULL),
       (13, '2026-03-08', '74075-010', 'Avenida Independência',       'Setor Aeroporto',      NULL),
       (16, '2026-05-12', '74223-070', 'Avenida T-2',                 'Setor Bueno',          612);

INSERT INTO CONTRATO (COD_FUNCIONARIO, COD_CLIENTE, VALOR, DATA_INICIO, DATA_FIM)
VALUES (3,  8,  1630.00, '2025-02-13', '2025-04-13'),
       (2,  1,  695.00,  '2024-01-15', '2024-02-15'),
       (9,  5,  3670.00, '2024-02-20', '2024-05-20'),
       (13, 11, 530.00,  '2024-03-10', '2024-03-25'),
       (16, 17, 2305.00, '2024-04-05', '2024-06-05'),
       (2,  3,  1330.00, '2024-05-12', '2024-07-12'),
       (3,  14, 4200.00, '2024-06-18', '2024-09-18'),
       (9,  2,  750.00,  '2024-07-22', '2024-08-22'),
       (13, 7,  5500.00, '2024-08-10', '2024-12-10'),
       (16, 1,  1950.00, '2024-09-25', '2024-11-25'),
       (2,  10, 3430.00, '2024-10-15', '2025-01-15'),
       (3,  19, 695.00,  '2024-11-08', '2024-12-08'),
       (9,  13, 4910.00, '2024-12-20', '2025-03-20'),
       (13, 5,  1555.00, '2025-01-22', '2025-03-22'),
       (16, 6,  7480.00, '2025-02-15', '2025-06-15'),
       (2,  17, 1580.00, '2025-04-10', '2025-06-10'),
       (3,  20, 750.00,  '2025-05-25', '2025-06-25'),
       (9,  11, 3680.00, '2025-07-12', '2025-10-12'),
       (13, 4,  810.00,  '2025-09-08', '2025-10-08'),
       (16, 15, 5250.00, '2025-11-20', '2026-02-20');
INSERT INTO PedidoLocacao (Cod_Contrato) 
VALUES (1),  (2),  (3),  (4),  (5),  (6),  (7),  (8),  (9),  (10),
(11), (12), (13), (14), (15), (16), (17), (18), (19), (20);
  
INSERT INTO ITEMPEDIDO (COD_EQUIPAMENTO, QUANTIDADE, PRECO_ITEMPEDIDO, COD_PEDIDOLOCACAO, COD_ENTREGA)
VALUES (2,  1, 470.00,  1, 11),
       (22, 3, 450.00,  1, 11),
       (11, 1, 350.00,  1, 11),
       (6,  2, 360.00,  1, 11),
       (6,  1, 180.00,  2, 2),
       (15, 1, 220.00,  2, 2),
       (19, 1, 295.00,  2, 2),
       (25, 1, 1320.00, 3, 3),
       (28, 1, 1580.00, 3, 3),
       (1,  1, 450.00,  3, 3),
       (31, 1, 320.00,  3, 3),
       (6,  1, 180.00,  4, 4),
       (11, 1, 350.00,  4, 4),
       (5,  1, 495.00,  5, 5),
       (29, 1, 1500.00, 5, 5),
       (21, 1, 310.00,  5, 5),
       (1,  1, 450.00,  6, 7),
       (15, 2, 440.00,  6, 7),
       (36, 1, 440.00,  6, 7),
       (25, 1, 1320.00, 7, 6),
       (28, 1, 1580.00, 7, 6),
       (2,  1, 470.00,  7, 6),
       (38, 1, 530.00,  7, 6),
       (22, 2, 300.00,  7, 6),
       (11, 1, 350.00,  8, 8),
       (6,  1, 180.00,  8, 8),
       (15, 1, 220.00,  8, 8),
       (30, 1, 1650.00, 9, 9),
       (27, 1, 1260.00, 9, 9),
       (1,  2, 900.00,  9, 9),
       (34, 1, 580.00,  9, 9),
       (11, 1, 350.00,  9, 9),
       (22, 3, 450.00,  9, 9),
       (21, 1, 310.00,  9, 9),
       (1,  1, 450.00,  10, 10),
       (29, 1, 1500.00, 10, 10),
       (25, 1, 1320.00, 11, 12),
       (28, 1, 1580.00, 11, 12),
       (11, 1, 350.00,  11, 12),
       (6,  1, 180.00,  11, 12),
       (15, 1, 220.00,  12, 16),
       (19, 1, 295.00,  12, 16),
       (6,  1, 180.00,  12, 16),
       (25, 1, 1320.00, 13, 13),
       (28, 1, 1580.00, 13, 13),
       (38, 1, 530.00,  13, 13),
       (34, 1, 580.00,  13, 13),
       (1,  2, 900.00,  13, 13),
       (2,  1, 470.00,  14, 14),
       (36, 1, 440.00,  14, 14),
       (19, 1, 295.00,  14, 14),
       (11, 1, 350.00,  14, 14),
       (30, 1, 1650.00, 15, 15),
       (28, 1, 1580.00, 15, 15),
       (25, 1, 1320.00, 15, 15),
       (39, 1, 580.00,  15, 15),
       (2,  1, 470.00,  15, 15),
       (11, 2, 700.00,  15, 15),
       (34, 1, 580.00,  15, 15),
       (22, 4, 600.00,  15, 15),
       (5,  1, 495.00,  16, 17),
       (36, 1, 440.00,  16, 17),
       (19, 1, 295.00,  16, 17),
       (11, 1, 350.00,  16, 17),
       (6,  1, 180.00,  17, 1),
       (15, 1, 220.00,  17, 1),
       (11, 1, 350.00,  17, 1),
       (26, 1, 1200.00, 18, 18),
       (29, 1, 1500.00, 18, 18),
       (1,  1, 450.00,  18, 18),
       (38, 1, 530.00,  18, 18),
       (1,  1, 450.00,  19, 19),
       (6,  2, 360.00,  19, 19),
       (30, 1, 1650.00, 20, 20),
       (25, 1, 1320.00, 20, 20),
       (2,  1, 470.00,  20, 20),
       (34, 1, 580.00,  20, 20),
       (11, 1, 350.00,  20, 20),
       (39, 1, 580.00,  20, 20),
       (22, 2, 300.00,  20, 20);
